Rang,Modèle,Type,F1,Accuracy,Precision,Recall,ROC_AUC,Seuil,Coût_métier,FN,FP,Temps_min,Taille_Mo,ΔF1_vs_best
1,LinearSVC,baseline,0.9424,0.9444,0.9359,0.949,0.9874,0.463065,4078,954,1216,,,0.0
2,LogReg,baseline,0.9413,0.9439,0.9454,0.9371,0.9873,0.541859,4590,1189,1023,,,-0.0011
3,CamemBERT-base,transformer,0.9407,0.9419,0.9215,0.9607,0.9857,0.2788,1916,377,785,206.2,445.0,-0.0017
4,NaiveBayes,baseline,0.9226,0.9247,0.91,0.9356,0.9777,0.438442,5196,1171,1683,,,-0.0198
